customer_id,car_brand,car_age_years,second_hand,current_km,distance_to_center_km,came_to_previous_service,came_back
1,Toyota,1,Yes,21049,15,Yes,Yes
2,Lexus,9,No,32651,3,Yes,Yes
3,Toyota,1,No,51925,42,Yes,No
4,Toyota,5,Yes,5425,49,No,No
5,Toyota,3,No,55036,22,Yes,No
6,Toyota,6,No,57895,3,No,No
7,Lexus,7,No,24213,41,Yes,No
8,Toyota,2,No,19935,50,Yes,Yes
9,Toyota,2,No,34714,41,No,No
10,Toyota,5,Yes,49796,42,Yes,No
11,Toyota,4,No,29867,18,No,No
12,Toyota,6,Yes,55855,4,Yes,Yes
13,Toyota,5,No,42170,46,Yes,No
14,Toyota,8,No,14150,16,No,No
15,Lexus,7,Yes,31175,24,Yes,No
16,Toyota,2,Yes,12185,10,Yes,No
17,Toyota,2,No,44052,30,Yes,No
18,Lexus,1,Yes,12507,44,No,No
19,Lexus,6,No,33492,11,Yes,No
20,Lexus,5,Yes,54935,12,Yes,Yes
21,Toyota,9,No,15016,24,No,No
22,Lexus,9,Yes,44252,21,Yes,Yes
23,Toyota,5,No,20785,37,No,No
24,Toyota,2,Yes,39911,50,Yes,No
25,Lexus,3,No,44753,28,No,No
26,Lexus,4,Yes,31148,43,Yes,No
27,Toyota,2,No,9196,22,Yes,No
28,Toyota,1,No,46359,4,Yes,No
29,Lexus,2,No,23250,43,Yes,No
30,Lexus,10,No,20925,31,No,No
31,Toyota,7,No,31941,30,No,No
32,Toyota,2,No,52724,22,No,No
33,Toyota,9,No,32648,12,Yes,Yes
34,Lexus,8,Yes,41066,7,Yes,No
35,Lexus,2,Yes,20491,11,Yes,Yes
36,Lexus,1,No,5141,25,Yes,No
37,Toyota,7,Yes,52874,36,Yes,No
38,Toyota,4,Yes,42957,48,Yes,No
39,Toyota,10,No,39807,11,Yes,No
40,Lexus,2,No,49250,16,Yes,No
41,Toyota,10,No,45591,6,Yes,No
42,Toyota,5,No,51936,21,Yes,No
43,Toyota,5,No,54274,5,Yes,No
44,Toyota,2,No,18969,33,Yes,No
45,Lexus,4,No,15338,29,No,No
46,Toyota,9,No,58549,36,Yes,No
47,Lexus,3,No,12014,48,Yes,Yes
48,Toyota,6,No,46565,17,Yes,Yes
49,Lexus,1,No,32759,18,Yes,Yes
50,Toyota,5,No,33956,36,Yes,No
51,Toyota,3,No,59696,24,Yes,Yes
52,Toyota,5,No,57174,3,No,No
53,Toyota,2,No,41692,27,No,No
54,Lexus,4,Yes,57421,12,No,Yes
55,Lexus,6,Yes,31982,43,No,No
56,Toyota,2,No,7537,31,Yes,No
57,Toyota,5,Yes,19915,15,Yes,Yes
58,Toyota,2,Yes,23292,23,Yes,No
59,Lexus,9,No,6808,8,No,No
60,Toyota,5,No,44096,28,Yes,No
61,Toyota,9,No,42787,13,Yes,No
62,Toyota,9,Yes,53624,48,Yes,No
63,Toyota,6,Yes,48475,8,Yes,No
64,Toyota,7,No,50692,19,Yes,Yes
65,Toyota,7,Yes,16405,40,Yes,No
66,Lexus,5,No,33173,38,Yes,No
67,Toyota,4,No,57018,48,Yes,Yes
68,Toyota,10,No,58636,49,Yes,No
69,Lexus,3,No,21046,31,Yes,No
70,Toyota,10,No,50636,25,Yes,No
71,Toyota,1,Yes,55465,7,No,No
72,Lexus,9,No,41530,16,No,No
73,Toyota,8,Yes,41629,39,Yes,No
74,Toyota,9,No,40905,29,No,No
75,Toyota,5,Yes,46789,18,No,No
76,Toyota,5,No,51762,19,Yes,Yes
77,Lexus,2,No,20155,25,Yes,No
78,Toyota,7,No,35534,27,Yes,No
79,Toyota,10,Yes,6280,49,Yes,No
80,Lexus,5,Yes,59770,27,Yes,No
81,Lexus,4,No,22887,28,Yes,Yes
82,Toyota,7,Yes,35630,9,No,No
83,Lexus,10,No,6776,6,Yes,Yes
84,Toyota,1,No,26453,14,Yes,Yes
85,Lexus,5,Yes,59520,27,Yes,Yes
86,Toyota,9,No,27935,15,Yes,No
87,Toyota,1,Yes,18065,2,Yes,Yes
88,Toyota,2,No,19284,30,Yes,No
89,Toyota,10,Yes,52078,8,No,No
90,Toyota,10,No,25444,37,Yes,No
91,Toyota,4,No,50260,41,Yes,No
92,Toyota,10,Yes,57181,37,No,No
93,Toyota,6,No,47437,22,Yes,No
94,Toyota,7,Yes,46653,30,Yes,No
95,Lexus,5,No,40269,50,Yes,No
96,Lexus,5,No,21088,6,Yes,Yes
97,Lexus,10,No,29837,22,Yes,No
98,Toyota,4,No,21931,22,Yes,No
99,Lexus,9,No,17521,6,Yes,Yes
100,Toyota,4,Yes,47329,46,Yes,No
101,Toyota,4,No,20945,20,Yes,Yes
102,Toyota,6,No,53885,36,Yes,No
103,Toyota,5,No,52270,13,Yes,No
104,Lexus,3,No,53405,31,Yes,No
105,Lexus,10,No,11588,13,Yes,Yes
106,Toyota,9,No,7982,4,Yes,No
107,Toyota,8,No,5803,37,Yes,No
108,Toyota,1,No,36308,8,No,No
109,Toyota,1,No,58159,37,No,No
110,Toyota,9,Yes,44735,39,No,No
111,Toyota,8,Yes,24487,38,No,No
112,Toyota,10,Yes,11503,49,Yes,No
113,Toyota,3,No,41175,5,Yes,Yes
114,Lexus,8,No,20170,19,Yes,No
115,Toyota,4,Yes,56631,41,Yes,No
116,Toyota,2,No,47443,10,No,No
117,Toyota,3,Yes,43996,48,No,No
118,Toyota,8,Yes,50857,26,No,No
119,Toyota,2,No,33313,48,Yes,No
120,Toyota,10,No,6359,49,Yes,No
121,Toyota,3,No,47697,29,No,No
122,Toyota,8,Yes,35802,23,Yes,No
123,Toyota,3,No,50460,32,Yes,No
124,Lexus,9,No,10771,21,Yes,Yes
125,Lexus,9,Yes,5075,43,No,No
126,Toyota,9,No,54574,32,Yes,No
127,Toyota,9,No,23876,29,No,No
128,Toyota,10,Yes,51516,11,Yes,Yes
129,Toyota,4,Yes,12435,30,No,No
130,Toyota,5,No,22919,27,No,No
131,Toyota,9,No,17491,39,Yes,No
132,Lexus,5,Yes,32193,22,No,No
133,Lexus,5,Yes,59884,38,Yes,No
134,Lexus,8,No,27618,22,Yes,No
135,Toyota,6,Yes,50711,16,Yes,No
136,Lexus,1,No,35996,46,No,No
137,Lexus,3,No,7426,9,Yes,Yes
138,Lexus,8,No,34945,1,No,No
139,Toyota,3,No,56218,17,Yes,No
140,Toyota,6,Yes,39971,25,No,No
141,Lexus,8,Yes,7352,40,Yes,No
142,Lexus,4,Yes,33440,7,No,No
143,Toyota,3,Yes,6897,3,Yes,Yes
144,Toyota,7,No,39810,27,Yes,No
145,Toyota,2,No,30070,40,Yes,No
146,Toyota,4,No,21644,30,Yes,Yes
147,Lexus,5,Yes,15353,5,Yes,Yes
148,Toyota,7,Yes,34939,20,Yes,No
149,Toyota,4,No,28524,37,Yes,No
150,Toyota,7,No,42088,44,No,No
151,Lexus,8,Yes,23756,50,No,No
152,Toyota,4,Yes,49417,49,No,No
153,Lexus,2,Yes,47358,3,Yes,Yes
154,Toyota,3,No,24340,21,No,No
155,Toyota,9,Yes,28976,34,Yes,No
156,Toyota,8,Yes,24342,48,No,No
157,Toyota,2,No,19785,44,No,No
158,Lexus,9,No,56818,26,Yes,No
159,Toyota,5,No,58897,41,No,No
160,Toyota,1,No,41792,21,No,No
161,Toyota,8,Yes,24804,42,Yes,No
162,Lexus,5,Yes,12610,7,Yes,No
163,Toyota,6,Yes,53702,45,No,No
164,Lexus,3,Yes,47920,7,No,No
165,Lexus,5,No,29283,14,Yes,No
166,Lexus,2,Yes,29073,35,No,No
167,Toyota,5,No,13005,30,Yes,Yes
168,Toyota,1,No,26856,16,No,No
169,Toyota,9,No,19152,15,Yes,Yes
170,Lexus,1,No,14482,9,Yes,No
171,Toyota,1,No,28477,16,Yes,Yes
172,Toyota,3,Yes,39477,8,No,No
173,Lexus,9,No,34622,33,Yes,No
174,Lexus,9,No,47161,2,Yes,Yes
175,Toyota,2,No,34069,5,No,No
176,Toyota,3,No,46489,38,Yes,No
177,Lexus,9,No,38131,39,Yes,No
178,Toyota,9,Yes,19091,28,Yes,No
179,Toyota,8,No,52815,7,Yes,Yes
180,Toyota,3,Yes,36081,5,Yes,Yes
181,Toyota,6,Yes,41462,4,Yes,No
182,Toyota,2,No,48603,49,Yes,No
183,Toyota,5,No,28045,7,Yes,Yes
184,Toyota,4,Yes,27945,36,Yes,No
185,Toyota,7,Yes,55294,40,Yes,No
186,Toyota,5,No,22909,45,No,No
187,Toyota,3,Yes,42114,43,Yes,No
188,Toyota,1,No,39765,14,Yes,Yes
189,Toyota,5,Yes,55910,37,Yes,No
190,Toyota,10,No,10346,18,Yes,No
191,Toyota,7,No,54475,33,Yes,No
192,Toyota,10,No,48721,20,Yes,No
193,Toyota,1,No,18843,50,Yes,No
194,Toyota,1,No,33223,12,Yes,Yes
195,Toyota,9,Yes,57835,23,Yes,No
196,Toyota,1,No,10102,21,Yes,No
197,Lexus,7,No,31544,2,No,No
198,Lexus,8,Yes,28714,6,Yes,Yes
199,Toyota,7,No,30936,20,No,No
200,Lexus,2,No,12472,34,Yes,No
201,Toyota,3,No,14597,17,Yes,No
202,Lexus,2,No,55649,41,Yes,No
203,Lexus,8,Yes,41994,42,Yes,No
204,Lexus,6,No,9475,31,Yes,Yes
205,Toyota,1,No,9862,20,Yes,Yes
206,Toyota,5,No,10917,40,Yes,No
207,Toyota,1,No,58072,37,Yes,No
208,Toyota,3,Yes,34525,7,No,No
209,Lexus,2,No,16308,3,Yes,Yes
210,Toyota,9,No,28848,24,No,No
211,Lexus,10,No,46345,42,Yes,No
212,Toyota,7,No,52430,43,No,No
213,Toyota,2,No,14268,23,Yes,No
214,Toyota,3,No,10552,20,Yes,No
215,Toyota,3,Yes,59326,48,No,No
216,Toyota,7,No,6194,24,Yes,No
217,Toyota,8,No,14015,10,Yes,No
218,Toyota,9,Yes,39506,3,Yes,No
219,Toyota,10,No,15633,12,No,No
220,Lexus,3,Yes,7863,27,Yes,No
221,Lexus,10,No,54056,29,Yes,Yes
222,Lexus,8,Yes,17715,24,Yes,No
223,Toyota,5,Yes,37958,34,Yes,No
224,Toyota,10,No,21384,4,Yes,No
225,Toyota,2,Yes,38810,8,Yes,No
226,Toyota,9,No,33670,6,No,No
227,Toyota,6,Yes,32190,4,Yes,No
228,Toyota,2,No,6847,21,No,No
229,Toyota,3,No,23800,31,Yes,Yes
230,Lexus,8,No,10192,2,Yes,No
231,Toyota,10,No,12286,50,Yes,No
232,Toyota,7,Yes,45816,30,Yes,No
233,Toyota,9,No,38775,37,Yes,Yes
234,Toyota,10,No,42399,27,Yes,No
235,Toyota,6,No,39475,35,Yes,No
236,Toyota,7,Yes,7853,41,Yes,No
237,Lexus,6,Yes,27596,16,No,No
238,Lexus,6,No,28088,35,Yes,No
239,Lexus,8,Yes,36361,41,Yes,No
240,Lexus,8,No,18211,3,No,No
241,Toyota,5,No,58438,35,Yes,Yes
242,Toyota,5,No,56173,4,No,No
243,Toyota,6,No,31215,48,Yes,No
244,Toyota,3,No,37605,24,No,No
245,Lexus,7,No,44482,12,Yes,Yes
246,Toyota,5,No,44493,46,Yes,No
247,Toyota,1,Yes,28105,40,No,No
248,Lexus,1,No,46780,26,Yes,No
249,Toyota,1,No,44817,44,No,No
250,Toyota,6,No,42174,3,Yes,No
251,Lexus,6,No,10038,37,Yes,No
252,Toyota,5,No,12434,2,No,No
253,Toyota,9,No,55788,17,Yes,Yes
254,Toyota,8,No,13895,5,Yes,No
255,Toyota,2,Yes,25944,43,Yes,Yes
256,Toyota,5,Yes,51649,46,No,No
257,Lexus,9,No,18171,9,Yes,Yes
258,Toyota,10,No,57668,36,Yes,No
259,Toyota,7,Yes,52111,31,Yes,No
260,Lexus,2,No,25776,42,Yes,No
261,Toyota,3,Yes,56135,36,Yes,No
262,Lexus,7,No,8631,8,Yes,Yes
263,Toyota,4,No,39006,19,No,No
264,Toyota,9,No,45961,20,Yes,Yes
265,Toyota,10,Yes,15105,11,Yes,No
266,Toyota,10,No,6859,6,Yes,No
267,Toyota,4,Yes,32301,40,Yes,No
268,Toyota,5,Yes,24798,31,Yes,No
269,Toyota,8,No,8926,11,Yes,Yes
270,Toyota,10,No,52078,21,No,No
271,Lexus,3,Yes,38749,36,Yes,No
272,Toyota,8,No,11344,4,Yes,Yes
273,Toyota,4,Yes,15466,21,No,No
274,Toyota,3,No,38733,30,Yes,Yes
275,Toyota,7,No,20776,14,Yes,Yes
276,Toyota,10,Yes,47877,44,Yes,No
277,Lexus,7,No,22332,47,Yes,No
278,Toyota,1,No,17756,24,Yes,Yes
279,Toyota,9,No,45844,44,Yes,No
280,Toyota,6,Yes,27222,36,No,No
281,Toyota,9,No,7638,3,Yes,No
282,Lexus,9,No,44731,33,Yes,No
283,Toyota,7,Yes,53452,20,Yes,No
284,Toyota,8,Yes,24647,31,No,No
285,Toyota,7,No,57216,47,No,No
286,Toyota,5,Yes,56308,50,Yes,No
287,Toyota,8,No,46223,47,Yes,No
288,Toyota,4,No,50909,8,Yes,Yes
289,Toyota,7,Yes,31894,33,No,No
290,Lexus,1,Yes,38992,14,Yes,No
291,Toyota,7,No,16349,30,No,No
292,Toyota,5,No,17600,16,Yes,Yes
293,Lexus,5,Yes,51196,14,Yes,No
294,Toyota,9,Yes,57127,47,Yes,No
295,Toyota,7,Yes,30856,23,No,No
296,Toyota,5,Yes,10179,23,No,No
297,Lexus,4,No,40296,18,No,No
298,Toyota,10,Yes,20681,16,Yes,No
299,Toyota,4,No,32086,22,Yes,Yes
300,Lexus,1,Yes,15350,27,Yes,No
301,Toyota,4,Yes,23824,21,Yes,Yes
302,Lexus,10,No,53410,47,No,No
303,Lexus,7,Yes,16520,3,No,No
304,Toyota,5,Yes,5607,20,Yes,Yes
305,Lexus,5,No,47029,35,Yes,No
306,Toyota,9,No,17636,8,Yes,No
307,Toyota,3,No,27092,19,Yes,No
308,Toyota,7,Yes,38769,21,Yes,No
309,Toyota,3,No,21256,1,Yes,Yes
310,Lexus,6,No,52374,37,Yes,No
311,Lexus,1,Yes,35500,20,Yes,No
312,Lexus,5,Yes,46858,19,Yes,Yes
313,Lexus,8,No,54003,39,Yes,No
314,Lexus,9,Yes,59106,14,No,No
315,Toyota,2,No,39614,46,Yes,No
316,Toyota,9,Yes,18248,37,Yes,No
317,Lexus,8,No,18461,46,Yes,Yes
318,Toyota,1,No,38636,27,Yes,Yes
319,Toyota,5,Yes,30948,17,No,No
320,Toyota,1,No,50900,5,Yes,Yes
321,Lexus,8,No,31795,12,No,No
322,Lexus,7,No,30066,29,No,No
323,Toyota,9,No,27791,8,Yes,No
324,Toyota,4,Yes,54556,2,No,No
325,Lexus,7,No,58959,15,Yes,Yes
326,Toyota,2,No,48266,27,Yes,No
327,Lexus,4,No,11612,39,Yes,No
328,Lexus,1,No,7899,26,Yes,Yes
329,Lexus,1,No,23957,15,No,No
330,Toyota,10,Yes,58633,21,Yes,No
331,Lexus,9,No,24693,18,Yes,No
332,Lexus,3,Yes,32997,36,Yes,No
333,Lexus,7,Yes,25888,45,Yes,No
334,Toyota,9,No,19768,20,No,No
335,Toyota,1,No,32296,36,Yes,No
336,Toyota,6,Yes,34477,24,Yes,No
337,Toyota,5,No,44647,39,Yes,Yes
338,Lexus,10,Yes,41624,14,Yes,No
339,Toyota,1,No,17453,48,Yes,No
340,Toyota,4,Yes,51122,14,Yes,Yes
341,Toyota,5,No,39973,42,Yes,No
342,Toyota,8,No,57613,47,Yes,No
343,Lexus,6,No,7996,37,No,No
344,Toyota,9,Yes,42954,47,Yes,No
345,Toyota,7,No,21104,32,Yes,No
346,Toyota,8,Yes,47054,48,Yes,No
347,Lexus,3,No,40818,32,Yes,No
348,Lexus,1,No,59989,5,No,No
349,Lexus,7,No,46333,15,Yes,Yes
350,Toyota,8,No,45490,41,Yes,No
351,Toyota,8,No,39879,36,Yes,Yes
352,Lexus,9,Yes,6123,33,No,No
353,Lexus,3,No,11312,34,Yes,Yes
354,Toyota,6,No,31011,6,Yes,Yes
355,Toyota,4,No,59267,6,Yes,No
356,Lexus,2,No,29718,36,Yes,No
357,Lexus,2,No,33436,42,No,No
358,Lexus,2,Yes,7788,15,Yes,No
359,Lexus,8,No,9872,44,No,No
360,Toyota,1,No,25610,2,No,No
361,Lexus,7,Yes,24613,11,Yes,No
362,Lexus,9,No,54519,48,Yes,No
363,Lexus,9,Yes,27666,4,Yes,Yes
364,Toyota,10,Yes,44033,26,No,No
365,Toyota,8,No,28318,36,No,No
366,Toyota,7,No,45541,19,No,No
367,Toyota,3,No,56373,41,Yes,No
368,Toyota,2,No,25202,29,Yes,Yes
369,Toyota,3,No,41502,36,Yes,Yes
370,Toyota,9,No,44193,21,No,Yes
371,Toyota,2,Yes,41669,16,Yes,Yes
372,Toyota,3,No,22590,32,Yes,Yes
373,Toyota,5,No,10041,24,Yes,Yes
374,Toyota,10,No,35006,7,Yes,Yes
375,Toyota,10,No,26596,29,Yes,No
376,Lexus,10,No,26015,39,No,No
377,Toyota,7,Yes,24100,48,Yes,No
378,Toyota,4,No,23369,26,Yes,No
379,Toyota,9,No,55306,36,Yes,No
380,Lexus,4,No,24092,45,Yes,No
381,Lexus,8,No,24846,16,Yes,Yes
382,Toyota,7,No,44186,31,Yes,No
383,Lexus,7,No,56820,24,Yes,No
384,Toyota,2,No,21268,43,Yes,Yes
385,Toyota,10,Yes,49398,42,Yes,No
386,Lexus,7,No,11462,17,Yes,No
387,Toyota,10,No,29518,26,Yes,No
388,Lexus,3,No,6609,31,Yes,Yes
389,Lexus,2,Yes,52851,10,Yes,Yes
390,Lexus,9,No,36205,7,Yes,No
391,Toyota,5,No,51581,8,Yes,Yes
392,Toyota,3,Yes,53528,16,Yes,No
393,Toyota,7,Yes,20194,26,Yes,No
394,Toyota,7,No,45246,13,Yes,No
395,Toyota,4,No,54304,46,No,No
396,Toyota,9,No,26363,13,Yes,Yes
397,Lexus,9,Yes,25539,39,Yes,No
398,Toyota,6,Yes,45459,12,No,No
399,Toyota,10,No,49047,9,Yes,Yes
400,Toyota,6,Yes,38477,25,Yes,Yes
401,Toyota,3,No,40217,45,No,No
402,Toyota,3,No,14194,12,Yes,Yes
403,Toyota,6,Yes,36759,9,Yes,No
404,Toyota,8,No,37225,27,Yes,No
405,Toyota,10,No,54876,15,Yes,Yes
406,Toyota,3,Yes,42070,48,No,No
407,Toyota,10,No,55797,35,No,No
408,Lexus,1,Yes,33925,35,Yes,No
409,Lexus,4,No,7112,29,Yes,No
410,Toyota,2,Yes,20528,14,No,No
411,Toyota,10,Yes,15877,40,Yes,No
412,Toyota,1,No,39883,18,Yes,Yes
413,Lexus,5,No,22520,33,No,No
414,Toyota,7,Yes,23174,42,Yes,No
415,Toyota,6,Yes,54903,44,Yes,No
416,Toyota,7,No,9949,41,No,No
417,Toyota,5,Yes,29187,30,No,No
418,Toyota,2,Yes,35044,41,Yes,No
419,Toyota,9,No,33157,14,Yes,Yes
420,Toyota,9,No,42102,32,No,No
421,Lexus,1,No,56372,30,Yes,No
422,Toyota,8,No,33036,13,No,No
423,Lexus,5,No,22958,6,Yes,Yes
424,Toyota,3,No,45999,20,No,No
425,Toyota,2,Yes,5071,14,Yes,Yes
426,Toyota,8,No,50586,22,No,No
427,Toyota,3,No,20004,25,Yes,No
428,Toyota,6,Yes,13986,25,No,No
429,Toyota,3,No,41915,1,Yes,Yes
430,Toyota,4,Yes,14920,27,Yes,No
431,Toyota,2,No,13071,38,No,No
432,Toyota,3,No,47245,6,Yes,No
433,Lexus,5,Yes,50251,2,No,No
434,Toyota,9,No,17363,48,Yes,No
435,Lexus,4,No,12388,16,Yes,Yes
436,Toyota,1,Yes,25740,9,Yes,No
437,Toyota,9,Yes,54986,31,No,No
438,Toyota,2,No,19138,3,No,No
439,Toyota,5,Yes,37836,50,Yes,No
440,Toyota,9,No,15006,18,Yes,Yes
441,Lexus,3,No,30606,38,Yes,No
442,Lexus,2,No,33671,47,No,No
443,Toyota,7,No,45127,39,Yes,No
444,Toyota,3,No,51392,9,Yes,Yes
445,Lexus,9,No,58903,47,Yes,No
446,Lexus,5,Yes,12736,50,No,No
447,Toyota,9,No,51682,37,Yes,No
448,Toyota,1,No,42151,11,Yes,Yes
449,Toyota,10,Yes,12558,15,No,Yes
450,Lexus,1,No,35917,24,Yes,Yes
451,Lexus,1,No,51794,48,Yes,Yes
452,Toyota,6,No,10104,37,Yes,No
453,Lexus,3,No,38801,3,No,Yes
454,Toyota,5,Yes,25361,21,Yes,No
455,Toyota,5,No,24917,48,Yes,No
456,Toyota,8,Yes,55848,13,No,No
457,Lexus,3,No,31872,2,Yes,Yes
458,Lexus,1,Yes,5095,49,Yes,No
459,Lexus,2,No,20608,27,Yes,Yes
460,Lexus,5,No,20169,34,Yes,No
461,Toyota,2,No,38123,9,Yes,Yes
462,Toyota,1,No,13566,16,Yes,No
463,Lexus,7,Yes,53192,21,Yes,No
464,Toyota,4,No,55472,38,Yes,Yes
465,Toyota,6,No,40122,23,No,No
466,Toyota,5,Yes,10925,11,No,No
467,Lexus,10,No,59783,21,Yes,No
468,Lexus,7,No,49379,20,Yes,No
469,Toyota,7,Yes,41434,48,Yes,No
470,Toyota,3,No,9041,50,No,No
471,Lexus,6,Yes,47250,6,Yes,Yes
472,Lexus,1,Yes,17959,42,Yes,Yes
473,Lexus,6,No,35211,4,Yes,Yes
474,Lexus,7,No,30082,44,Yes,No
475,Lexus,5,No,14740,3,Yes,Yes
476,Toyota,8,No,41089,31,Yes,No
477,Toyota,4,Yes,57245,34,Yes,No
478,Toyota,1,Yes,56243,46,Yes,No
479,Toyota,10,No,30452,18,Yes,No
480,Toyota,5,No,35912,34,Yes,No
481,Toyota,3,No,48048,16,Yes,No
482,Lexus,1,Yes,19379,37,No,No
483,Toyota,3,No,43831,21,No,No
484,Lexus,1,Yes,28047,37,Yes,No
485,Toyota,8,No,16505,32,Yes,Yes
486,Toyota,1,No,5044,22,No,No
487,Toyota,3,Yes,26206,4,Yes,No
488,Lexus,2,Yes,28913,5,Yes,No
489,Toyota,2,No,26142,9,No,No
490,Toyota,8,Yes,16416,46,No,No
491,Lexus,6,No,43597,12,Yes,No
492,Toyota,3,Yes,51006,37,Yes,No
493,Lexus,1,No,25854,40,Yes,No
494,Lexus,3,No,10099,16,Yes,Yes
495,Toyota,2,Yes,48910,41,No,No
496,Toyota,4,No,9442,23,Yes,Yes
497,Toyota,7,No,32502,11,No,No
498,Toyota,9,No,59316,31,No,No
499,Lexus,4,No,9830,3,Yes,Yes
500,Lexus,2,No,29606,11,No,No
501,Lexus,2,No,45215,31,Yes,No
502,Toyota,10,Yes,15295,4,Yes,Yes
503,Toyota,9,Yes,52839,35,Yes,No
504,Toyota,1,No,41022,32,Yes,No
505,Toyota,5,Yes,45965,39,Yes,Yes
506,Toyota,5,Yes,36035,8,Yes,No
507,Toyota,5,No,40659,25,Yes,No
508,Toyota,8,No,33818,30,Yes,No
509,Toyota,3,Yes,48743,7,Yes,Yes
510,Toyota,10,No,8996,25,No,No
511,Toyota,8,No,20443,31,Yes,No
512,Lexus,1,No,38870,37,Yes,No
513,Toyota,8,No,15955,14,No,No
514,Toyota,7,No,58907,41,Yes,No
515,Toyota,2,No,41461,26,Yes,No
516,Toyota,1,Yes,45832,38,Yes,No
517,Toyota,3,No,43186,49,No,No
518,Toyota,2,Yes,40103,23,No,No
519,Toyota,10,No,7455,12,Yes,Yes
520,Toyota,7,No,26724,45,Yes,No
521,Lexus,6,No,58568,20,Yes,No
522,Lexus,2,Yes,19939,9,Yes,No
523,Lexus,6,No,32313,39,Yes,Yes
524,Toyota,7,Yes,54774,34,No,No
525,Toyota,3,No,51502,33,Yes,No
526,Toyota,10,No,17632,13,No,No
527,Toyota,6,Yes,22955,24,No,No
528,Toyota,2,Yes,20855,24,Yes,No
529,Lexus,8,No,27921,23,Yes,No
530,Lexus,2,No,30333,4,Yes,Yes
531,Lexus,4,Yes,49413,14,Yes,No
532,Toyota,1,No,13671,42,Yes,No
533,Toyota,10,Yes,25018,46,No,No
534,Toyota,7,Yes,35080,17,Yes,No
535,Toyota,10,No,11705,1,Yes,No
536,Lexus,6,No,43913,39,Yes,No
537,Toyota,6,Yes,46982,21,No,No
538,Lexus,5,No,38901,49,Yes,Yes
539,Lexus,10,No,25944,44,Yes,Yes
540,Toyota,5,No,32431,26,Yes,Yes
541,Lexus,10,Yes,27489,47,Yes,No
542,Toyota,8,Yes,49031,23,Yes,No
543,Lexus,9,No,11396,31,Yes,Yes
544,Lexus,3,Yes,26996,42,Yes,No
545,Lexus,5,No,26713,24,Yes,Yes
546,Lexus,8,No,46575,38,Yes,No
547,Toyota,4,No,49610,25,Yes,No
548,Lexus,3,No,18126,22,Yes,Yes
549,Lexus,8,No,51902,12,No,No
550,Toyota,3,No,8801,1,Yes,Yes
551,Lexus,10,Yes,37084,49,No,No
552,Toyota,7,No,36286,25,Yes,No
553,Lexus,1,Yes,54600,34,Yes,No
554,Toyota,4,No,27567,20,Yes,Yes
555,Toyota,3,No,7996,20,No,No
556,Toyota,9,No,50008,9,Yes,No
557,Toyota,4,No,58215,26,Yes,Yes
558,Lexus,4,Yes,43646,33,Yes,No
559,Toyota,1,No,46964,17,No,No
560,Toyota,1,Yes,47832,2,Yes,Yes
561,Toyota,2,No,36090,45,Yes,No
562,Toyota,5,No,11617,43,Yes,No
563,Lexus,7,Yes,11875,33,Yes,Yes
564,Toyota,2,No,44911,13,No,No
565,Lexus,6,Yes,24356,11,Yes,No
566,Toyota,8,No,5179,1,Yes,No
567,Lexus,8,No,10903,50,Yes,No
568,Toyota,5,Yes,34933,19,Yes,Yes
569,Lexus,1,Yes,28607,44,Yes,No
570,Toyota,1,No,14069,43,Yes,No
571,Lexus,10,No,53042,6,Yes,Yes
572,Toyota,7,Yes,22814,25,Yes,No
573,Toyota,3,No,50624,47,Yes,No
574,Toyota,7,Yes,36632,37,Yes,No
575,Toyota,6,No,49857,47,No,No
576,Lexus,2,Yes,33880,3,Yes,No
577,Toyota,9,Yes,42791,47,Yes,No
578,Toyota,6,No,50104,45,Yes,No
579,Lexus,8,No,49321,42,Yes,No
580,Toyota,10,No,47165,11,Yes,No
581,Toyota,3,No,37220,21,Yes,No
582,Toyota,4,No,29814,26,No,No
583,Toyota,10,No,37666,29,Yes,No
584,Lexus,1,No,32023,3,Yes,Yes
585,Toyota,10,Yes,46781,20,No,No
586,Toyota,8,Yes,28812,4,No,No
587,Toyota,10,No,51966,43,Yes,No
588,Toyota,4,No,28274,41,No,No
589,Toyota,2,No,15758,32,Yes,No
590,Lexus,2,No,17839,13,Yes,No
591,Toyota,4,Yes,12062,49,Yes,No
592,Lexus,10,No,34524,30,Yes,No
593,Toyota,8,No,53248,4,Yes,Yes
594,Toyota,9,Yes,16613,45,Yes,No
595,Toyota,7,Yes,44725,21,Yes,No
596,Lexus,4,No,27469,19,Yes,Yes
597,Toyota,9,No,50973,36,No,No
598,Lexus,4,No,45905,46,Yes,No
599,Toyota,3,No,50502,41,Yes,Yes
600,Toyota,8,No,48722,46,Yes,No
601,Lexus,5,Yes,32681,1,Yes,Yes
602,Toyota,1,No,54164,11,No,No
603,Toyota,1,Yes,24342,14,No,Yes
604,Lexus,2,No,49271,48,Yes,Yes
605,Toyota,7,No,56400,45,Yes,No
606,Lexus,7,No,56649,44,Yes,No
607,Toyota,5,No,56178,29,No,No
608,Lexus,6,Yes,40822,48,Yes,No
609,Lexus,5,No,49738,5,Yes,Yes
610,Toyota,7,No,23291,36,Yes,Yes
611,Lexus,1,No,51510,10,Yes,No
612,Toyota,10,Yes,24736,32,No,No
613,Toyota,6,No,17050,34,Yes,No
614,Toyota,9,No,27898,15,No,No
615,Toyota,5,No,54326,40,Yes,No
616,Lexus,1,No,27675,29,Yes,No
617,Lexus,4,Yes,49731,21,Yes,No
618,Toyota,5,No,23535,2,No,No
619,Toyota,9,No,7873,19,No,No
620,Toyota,2,No,55680,35,Yes,No
621,Toyota,4,Yes,32800,7,Yes,No
622,Lexus,7,Yes,9726,48,Yes,Yes
623,Lexus,1,No,8556,12,No,No
624,Toyota,4,Yes,31714,25,Yes,No
625,Toyota,7,Yes,40050,1,Yes,No
626,Lexus,10,No,9757,23,No,No
627,Lexus,5,No,23449,49,No,No
628,Lexus,1,No,39961,15,Yes,Yes
629,Lexus,9,No,46552,10,Yes,No
630,Lexus,6,Yes,5730,36,No,No
631,Toyota,10,No,40202,36,No,No
632,Lexus,6,No,47331,33,Yes,Yes
633,Toyota,5,No,16885,43,No,No
634,Lexus,9,No,41022,5,Yes,Yes
635,Toyota,10,No,26682,23,Yes,No
636,Toyota,10,No,17681,21,Yes,No
637,Toyota,10,No,42149,24,No,No
638,Toyota,6,No,19517,46,No,No
639,Lexus,3,Yes,26729,31,Yes,No
640,Toyota,9,No,47306,39,Yes,No
641,Lexus,9,No,53073,41,Yes,Yes
642,Toyota,9,Yes,58257,38,Yes,No
643,Toyota,1,No,40616,35,Yes,No
644,Toyota,4,Yes,43640,47,No,No
645,Toyota,2,No,37910,1,Yes,No
646,Lexus,10,Yes,54624,33,Yes,No
647,Toyota,10,Yes,14581,48,No,No
648,Toyota,8,No,22324,24,Yes,No
649,Toyota,6,No,34795,3,Yes,No
650,Toyota,9,Yes,22923,48,Yes,No
651,Toyota,7,No,47817,5,Yes,Yes
652,Lexus,9,No,58558,23,Yes,No
653,Toyota,9,Yes,33829,11,Yes,No
654,Toyota,3,No,28738,39,Yes,Yes
655,Toyota,6,Yes,36556,44,Yes,No
656,Toyota,7,No,7827,9,Yes,Yes
657,Toyota,1,Yes,14624,4,Yes,No
658,Toyota,7,No,41936,41,Yes,No
659,Toyota,5,Yes,19194,29,Yes,No
660,Toyota,4,Yes,44376,10,No,No
661,Toyota,9,No,52460,44,Yes,No
662,Toyota,4,No,13664,7,Yes,Yes
663,Lexus,7,Yes,44682,7,Yes,No
664,Toyota,9,No,12701,6,Yes,Yes
665,Toyota,1,Yes,55781,44,Yes,No
666,Toyota,1,Yes,33112,15,No,No
667,Lexus,6,No,53587,49,No,No
668,Toyota,5,No,20237,6,Yes,No
669,Toyota,4,No,53735,1,Yes,Yes
670,Toyota,4,Yes,25702,27,Yes,Yes
671,Toyota,5,No,40134,28,Yes,No
672,Lexus,7,Yes,32081,36,No,No
673,Toyota,9,No,25096,37,Yes,No
674,Lexus,2,Yes,34268,45,No,No
675,Toyota,6,Yes,45240,45,Yes,Yes
676,Toyota,1,Yes,58952,10,Yes,No
677,Toyota,5,No,10245,39,Yes,No
678,Lexus,10,Yes,23774,46,No,No
679,Lexus,3,Yes,33768,1,Yes,No
680,Lexus,5,No,56377,39,Yes,No
681,Toyota,1,No,47927,1,No,Yes
682,Toyota,7,No,30896,26,Yes,No
683,Lexus,2,Yes,41018,19,No,No
684,Toyota,6,Yes,23121,15,Yes,Yes
685,Lexus,10,No,16471,27,Yes,No
686,Toyota,6,Yes,57621,33,No,No
687,Lexus,10,No,34017,25,Yes,No
688,Lexus,8,Yes,43458,2,Yes,Yes
689,Toyota,4,Yes,20068,21,Yes,No
690,Toyota,5,No,11095,26,Yes,No
691,Toyota,3,No,28169,14,No,No
692,Lexus,4,No,18085,16,No,No
693,Toyota,4,Yes,59810,40,Yes,No
694,Toyota,2,Yes,48478,32,Yes,No
695,Toyota,1,Yes,29326,40,Yes,No
696,Lexus,10,Yes,37165,12,No,No
697,Toyota,4,Yes,13404,4,Yes,Yes
698,Lexus,1,No,30802,44,No,No
699,Toyota,9,No,50168,1,Yes,Yes
700,Toyota,6,No,22019,12,Yes,Yes
701,Toyota,10,No,17052,32,Yes,No
702,Lexus,6,Yes,23325,29,Yes,Yes
703,Toyota,4,Yes,52239,18,No,No
704,Lexus,4,No,53401,10,Yes,Yes
705,Toyota,3,Yes,46330,34,Yes,No
706,Toyota,5,No,42213,4,Yes,No
707,Toyota,5,No,46278,7,Yes,Yes
708,Toyota,9,No,58085,17,Yes,No
709,Toyota,10,No,42741,42,Yes,No
710,Lexus,6,No,38452,32,No,No
711,Toyota,10,No,46399,10,No,No
712,Lexus,7,Yes,42462,26,No,No
713,Toyota,4,No,47795,19,Yes,No
714,Toyota,8,Yes,28800,48,Yes,No
715,Toyota,3,Yes,13194,47,Yes,No
716,Lexus,2,No,31020,7,Yes,No
717,Toyota,1,No,31018,34,No,No
718,Toyota,3,No,30548,20,Yes,No
719,Toyota,3,No,59953,11,Yes,No
720,Lexus,6,Yes,35617,35,No,No
721,Toyota,9,No,44163,30,Yes,No
722,Toyota,9,Yes,39982,20,No,No
723,Toyota,2,No,28971,27,Yes,Yes
724,Toyota,3,No,35749,35,Yes,No
725,Lexus,8,No,55192,28,No,No
726,Lexus,9,No,31983,36,Yes,No
727,Lexus,7,Yes,19456,17,Yes,No
728,Toyota,10,Yes,49868,18,Yes,No
729,Lexus,7,No,9486,12,Yes,Yes
730,Toyota,8,No,45812,32,Yes,Yes
731,Toyota,9,No,11702,19,Yes,No
732,Lexus,4,No,5965,32,Yes,Yes
733,Lexus,8,Yes,35388,45,No,No
734,Lexus,3,No,55833,26,Yes,No
735,Toyota,5,Yes,59280,1,Yes,No
736,Toyota,8,No,7196,13,Yes,No
737,Toyota,4,No,49659,20,No,No
738,Lexus,9,No,21601,31,Yes,Yes
739,Lexus,4,Yes,20464,41,Yes,Yes
740,Lexus,10,No,56717,16,Yes,Yes
741,Lexus,8,Yes,15157,24,No,No
742,Toyota,10,No,54778,41,Yes,No
743,Toyota,9,Yes,13246,32,Yes,No
744,Lexus,6,Yes,33751,47,Yes,No
745,Toyota,3,No,7587,32,Yes,No
746,Toyota,8,No,17230,35,Yes,No
747,Toyota,10,Yes,41341,11,Yes,Yes
748,Toyota,5,No,34758,1,No,No
749,Lexus,1,No,28860,50,Yes,No
750,Toyota,9,Yes,17443,34,Yes,No
751,Toyota,5,No,47002,21,Yes,No
752,Toyota,3,No,7049,13,Yes,Yes
753,Toyota,7,Yes,39460,40,Yes,No
754,Toyota,10,Yes,5857,14,Yes,No
755,Lexus,8,Yes,8978,24,Yes,No
756,Toyota,6,Yes,8820,40,Yes,Yes
757,Toyota,5,No,19149,34,Yes,No
758,Toyota,4,No,48049,16,Yes,No
759,Toyota,9,No,11914,50,Yes,No
760,Toyota,7,Yes,15932,12,Yes,No
761,Toyota,9,Yes,34033,23,No,No
762,Lexus,6,No,46500,28,No,No
763,Toyota,9,No,55181,36,No,No
764,Lexus,8,Yes,5012,47,Yes,No
765,Toyota,3,Yes,24781,1,Yes,Yes
766,Lexus,1,Yes,50201,18,No,No
767,Toyota,10,No,7473,30,Yes,Yes
768,Toyota,10,No,21793,20,Yes,No
769,Lexus,2,Yes,56963,31,Yes,No
770,Lexus,10,Yes,11249,39,Yes,Yes
771,Lexus,7,No,8664,50,Yes,No
772,Toyota,2,Yes,19858,48,Yes,No
773,Toyota,7,No,39365,3,Yes,No
774,Toyota,4,No,49147,47,No,No
775,Lexus,10,No,19554,28,Yes,No
776,Toyota,2,No,53844,4,Yes,Yes
777,Toyota,7,Yes,13544,49,Yes,No
778,Toyota,10,No,45369,48,Yes,No
779,Toyota,7,No,42749,6,Yes,Yes
780,Toyota,4,No,43920,42,Yes,No
781,Lexus,10,Yes,57612,29,Yes,No
782,Lexus,4,No,29498,10,No,No
783,Toyota,1,No,45698,10,No,No
784,Toyota,2,No,35879,2,Yes,No
785,Toyota,9,No,21951,36,Yes,No
786,Toyota,1,No,48484,34,Yes,Yes
787,Toyota,10,No,35471,42,No,No
788,Toyota,6,Yes,6250,19,No,No
789,Toyota,7,No,51510,7,No,No
790,Toyota,2,No,37810,30,Yes,No
791,Toyota,9,No,37108,26,No,Yes
792,Lexus,6,Yes,20479,33,Yes,Yes
793,Toyota,7,Yes,58402,2,No,No
794,Toyota,6,Yes,48052,9,Yes,No
795,Lexus,10,Yes,49991,15,Yes,No
796,Toyota,5,Yes,26580,29,Yes,No
797,Toyota,9,Yes,18258,9,Yes,No
798,Toyota,3,No,55465,10,Yes,No
799,Toyota,2,No,52149,8,Yes,No
800,Toyota,1,Yes,32134,27,Yes,No
801,Lexus,5,No,17316,7,Yes,Yes
802,Lexus,10,No,42161,40,Yes,No
803,Lexus,6,No,56106,31,Yes,No
804,Toyota,6,No,30392,32,Yes,Yes
805,Toyota,7,Yes,5983,18,No,No
806,Toyota,4,Yes,9334,12,No,No
807,Lexus,8,Yes,34985,16,Yes,No
808,Toyota,7,Yes,30831,40,No,No
809,Toyota,1,No,34596,30,No,Yes
810,Lexus,9,No,53180,3,Yes,Yes
811,Toyota,1,No,33806,26,No,No
812,Toyota,3,No,45182,4,Yes,No
813,Toyota,8,No,37811,8,Yes,No
814,Lexus,9,No,32103,21,Yes,Yes
815,Toyota,4,Yes,10910,17,Yes,No
816,Lexus,3,Yes,13096,6,Yes,Yes
817,Toyota,9,Yes,52636,33,Yes,No
818,Toyota,1,Yes,26967,37,No,No
819,Toyota,3,No,51664,4,Yes,Yes
820,Lexus,8,No,16842,8,No,No
821,Toyota,5,No,37612,32,Yes,Yes
822,Lexus,4,No,48219,31,Yes,No
823,Toyota,1,No,40870,18,Yes,No
824,Lexus,1,No,8608,42,Yes,Yes
825,Toyota,10,Yes,24558,22,No,No
826,Toyota,3,No,23637,40,Yes,No
827,Toyota,9,No,34841,48,Yes,No
828,Toyota,5,No,29834,5,No,No
829,Toyota,8,No,50522,18,Yes,No
830,Toyota,4,No,12163,37,No,No
831,Lexus,8,Yes,44634,46,Yes,No
832,Toyota,9,No,45844,23,No,No
833,Toyota,8,No,16790,40,Yes,No
834,Toyota,2,No,45990,8,No,No
835,Toyota,7,No,26875,23,Yes,No
836,Toyota,4,Yes,21673,5,Yes,No
837,Toyota,1,No,26842,22,Yes,No
838,Lexus,3,No,59645,22,No,No
839,Toyota,1,Yes,36555,10,Yes,No
840,Toyota,6,No,58357,27,No,No
841,Toyota,10,Yes,25676,36,Yes,No
842,Lexus,6,No,14784,18,No,No
843,Toyota,9,Yes,42419,39,Yes,No
844,Lexus,5,Yes,25611,46,Yes,No
845,Toyota,4,No,59359,20,Yes,Yes
846,Toyota,1,Yes,11068,29,Yes,No
847,Lexus,3,No,36684,47,No,No
848,Toyota,2,Yes,38826,44,No,No
849,Toyota,7,Yes,39232,8,Yes,No
850,Lexus,10,Yes,26842,30,No,No
851,Lexus,5,No,54708,20,Yes,Yes
852,Toyota,5,No,25915,50,Yes,Yes
853,Toyota,5,No,45825,36,Yes,Yes
854,Toyota,6,No,51160,19,Yes,Yes
855,Toyota,6,No,8324,9,Yes,No
856,Toyota,7,No,32948,26,Yes,No
857,Toyota,8,No,25476,22,No,No
858,Toyota,9,No,54528,49,Yes,No
859,Lexus,8,No,25341,44,Yes,No
860,Toyota,4,No,45431,17,No,No
861,Lexus,6,Yes,26283,30,Yes,Yes
862,Toyota,8,No,16193,19,No,No
863,Toyota,2,No,51810,7,Yes,No
864,Lexus,9,No,43701,27,Yes,Yes
865,Toyota,8,No,27329,14,No,No
866,Lexus,7,No,27426,35,Yes,Yes
867,Toyota,10,Yes,12492,38,Yes,No
868,Toyota,8,No,31594,5,Yes,No
869,Toyota,7,No,47270,43,Yes,No
870,Toyota,10,Yes,46689,1,No,No
871,Toyota,5,No,42875,29,Yes,No
872,Toyota,10,Yes,49535,20,No,No
873,Lexus,6,Yes,43189,1,Yes,No
874,Lexus,5,No,40971,4,Yes,Yes
875,Lexus,2,Yes,7043,16,Yes,No
876,Toyota,7,No,33520,35,Yes,Yes
877,Toyota,9,No,28611,27,Yes,No
878,Toyota,3,No,47492,2,Yes,No
879,Toyota,3,No,47090,27,No,No
880,Lexus,7,Yes,34779,33,Yes,No
881,Toyota,4,No,44621,1,Yes,No
882,Toyota,9,No,40793,37,Yes,No
883,Toyota,6,No,36557,45,Yes,No
884,Toyota,5,No,10127,34,No,No
885,Toyota,2,Yes,40336,38,Yes,Yes
886,Toyota,1,No,38597,31,Yes,Yes
887,Toyota,5,No,7315,45,No,No
888,Lexus,10,No,46241,31,Yes,No
889,Toyota,5,Yes,45915,2,Yes,Yes
890,Toyota,5,No,45356,18,Yes,Yes
891,Lexus,10,No,43782,48,Yes,No
892,Lexus,5,Yes,20479,32,Yes,No
893,Toyota,2,Yes,44029,10,No,No
894,Toyota,7,No,33847,47,Yes,No
895,Lexus,6,No,22327,49,No,No
896,Toyota,8,No,53899,49,No,No
897,Lexus,7,No,14512,34,No,Yes
898,Lexus,8,No,25688,34,Yes,Yes
899,Lexus,6,Yes,33297,40,No,No
900,Toyota,5,Yes,21734,42,Yes,No
901,Toyota,4,Yes,43582,50,Yes,No
902,Lexus,3,No,5693,44,Yes,Yes
903,Toyota,9,No,34225,23,Yes,No
904,Toyota,1,No,8727,39,Yes,No
905,Lexus,2,Yes,12862,6,No,No
906,Toyota,10,Yes,17108,8,Yes,Yes
907,Toyota,2,Yes,23113,50,Yes,No
908,Lexus,6,No,56166,5,Yes,Yes
909,Toyota,1,No,58267,17,Yes,Yes
910,Lexus,4,No,16694,42,Yes,Yes
911,Lexus,4,No,11963,29,Yes,Yes
912,Toyota,10,Yes,55937,29,Yes,No
913,Toyota,1,Yes,48555,25,Yes,No
914,Lexus,10,No,51373,50,Yes,No
915,Lexus,2,No,5216,25,No,No
916,Toyota,10,No,28522,22,Yes,No
917,Toyota,2,No,27286,6,No,No
918,Toyota,4,No,7577,25,Yes,Yes
919,Toyota,2,Yes,28544,32,Yes,No
920,Lexus,3,No,6662,47,No,No
921,Toyota,9,Yes,37747,35,No,No
922,Lexus,1,No,8673,22,No,Yes
923,Toyota,9,No,49438,35,Yes,No
924,Lexus,1,Yes,37040,42,Yes,No
925,Toyota,4,Yes,13554,1,Yes,Yes
926,Toyota,2,No,16186,38,Yes,No
927,Toyota,10,Yes,19455,5,No,No
928,Lexus,7,No,49832,37,Yes,No
929,Lexus,4,Yes,43868,12,Yes,Yes
930,Toyota,7,No,29243,36,Yes,No
931,Toyota,3,No,46431,40,Yes,Yes
932,Lexus,2,No,16758,6,Yes,Yes
933,Toyota,8,Yes,18510,10,Yes,No
934,Toyota,3,No,7465,39,Yes,No
935,Lexus,5,No,5299,36,Yes,Yes
936,Toyota,2,No,54881,35,Yes,No
937,Toyota,4,No,17695,8,No,No
938,Lexus,8,No,15470,43,No,No
939,Toyota,4,No,26908,40,No,No
940,Toyota,1,Yes,16526,11,No,No
941,Toyota,4,Yes,43843,38,Yes,No
942,Toyota,6,No,12217,21,Yes,Yes
943,Toyota,4,No,19461,5,Yes,Yes
944,Lexus,3,No,44939,30,Yes,Yes
945,Toyota,4,Yes,22674,13,Yes,Yes
946,Toyota,5,No,35509,30,Yes,No
947,Toyota,5,No,56743,41,No,No
948,Toyota,9,Yes,10667,27,No,No
949,Lexus,10,No,35327,18,Yes,No
950,Lexus,4,No,42975,15,No,No
951,Toyota,10,Yes,32379,3,Yes,No
952,Lexus,1,No,30842,31,No,No
953,Toyota,8,No,41601,49,Yes,No
954,Lexus,3,No,20667,42,No,Yes
955,Toyota,3,Yes,42380,48,Yes,No
956,Toyota,3,Yes,31565,12,No,No
957,Toyota,1,Yes,9633,25,No,No
958,Toyota,7,Yes,50747,40,Yes,No
959,Lexus,2,Yes,27000,48,No,No
960,Lexus,6,Yes,12272,25,Yes,No
961,Toyota,3,Yes,51194,5,Yes,No
962,Toyota,6,No,12442,42,Yes,No
963,Toyota,4,Yes,54865,15,Yes,No
964,Toyota,7,No,9152,24,Yes,No
965,Toyota,2,No,39858,44,No,No
966,Toyota,6,Yes,50431,5,Yes,No
967,Toyota,7,Yes,23898,5,Yes,Yes
968,Lexus,8,No,18386,34,No,Yes
969,Toyota,9,Yes,36057,23,Yes,No
970,Toyota,4,No,57559,15,No,No
971,Toyota,10,No,47339,21,Yes,No
972,Toyota,9,No,24928,37,Yes,No
973,Toyota,5,No,29372,19,No,Yes
974,Toyota,8,Yes,45542,11,Yes,No
975,Lexus,3,No,12662,3,No,No
976,Toyota,6,No,41863,46,Yes,No
977,Toyota,6,No,15655,35,Yes,No
978,Toyota,8,Yes,35018,21,Yes,No
979,Toyota,9,No,51232,19,Yes,No
980,Lexus,10,Yes,57401,37,No,No
981,Toyota,2,Yes,7626,9,Yes,Yes
982,Toyota,10,Yes,34227,23,Yes,Yes
983,Toyota,10,No,56202,50,Yes,Yes
984,Toyota,8,Yes,10726,33,Yes,No
985,Toyota,9,Yes,48697,24,Yes,No
986,Toyota,7,No,23654,23,Yes,No
987,Lexus,2,No,34112,48,No,No
988,Toyota,7,Yes,32144,9,No,No
989,Toyota,5,No,39426,22,Yes,No
990,Lexus,2,No,46864,18,Yes,Yes
991,Lexus,3,No,59544,25,Yes,No
992,Lexus,5,Yes,24917,32,Yes,No
993,Toyota,1,No,24671,41,No,No
994,Toyota,5,No,37236,45,Yes,Yes
995,Lexus,8,Yes,9372,39,No,No
996,Toyota,5,Yes,36197,45,No,No
997,Lexus,1,Yes,15672,38,Yes,No
998,Lexus,3,No,8466,18,Yes,Yes
999,Lexus,1,No,39708,41,No,No
1000,Lexus,3,Yes,44240,49,Yes,No
